{
  "meta": {
    "dataset": "dataset9",
    "feature_count": 17,
    "train_rows": 3787395,
    "val_rows": 811583,
    "test_rows": 811583,
    "created_at": "2026-01-19T03:28:28.948511+00:00",
    "class_counts_train": {
      "0": 2668,
      "1": 3784727
    },
    "class_counts_val": {
      "0": 482,
      "1": 811101
    },
    "class_counts_test": {
      "0": 515,
      "1": 811068
    },
    "scale_pos_weight": 0.0007049385596371944,
    "chosen_threshold": 0.0032099750824272633
  },
  "metrics": {
    "validation": {
      "n": 811583,
      "class_counts": {
        "0": 482,
        "1": 811101
      },
      "roc_auc": 0.9999398555851605,
      "pr_auc": 0.9999999512806639,
      "best_threshold_by_f1": 0.0032099750824272633,
      "best_f1": 0.9999611624385234,
      "confusion_0.5": {
        "tn": 481,
        "fp": 1,
        "fn": 192,
        "tp": 810909
      },
      "accuracy_0.5": 0.9997621931459876,
      "recall_at_fpr_0.01": 0.999923560690962,
      "recall_at_fpr_0.005": 0.999923560690962,
      "recall_at_fpr_0.001": 0.9663235528004527,
      "probs_sample_mean": 0.9954389333724976
    },
    "test": {
      "n": 811583,
      "class_counts": {
        "0": 515,
        "1": 811068
      },
      "roc_auc": 0.9989307553779864,
      "pr_auc": 0.9999988925476788,
      "confusion_0.5": {
        "tn": 514,
        "fp": 1,
        "fn": 178,
        "tp": 810890
      },
      "accuracy_0.5": 0.9997794433841024,
      "recall_at_fpr_0.01": 0.9997805362805585,
      "recall_at_fpr_0.005": 0.9997805362805585,
      "recall_at_fpr_0.001": 0.3459759231038581,
      "probs_sample_mean": 0.9772124886512756
    },
    "train": {
      "n": 3787395,
      "class_counts": {
        "0": 2668,
        "1": 3784727
      },
      "roc_auc": 0.9993325258443289,
      "pr_auc": 0.9999991980345159,
      "confusion_0.5": {
        "tn": 2657,
        "fp": 11,
        "fn": 877,
        "tp": 3783850
      },
      "accuracy_0.5": 0.9997655380545203,
      "recall_at_fpr_0.01": 0.9999183560663688,
      "recall_at_fpr_0.005": 0.9997682791916035,
      "recall_at_fpr_0.001": 0.4053370295928874,
      "probs_sample_mean": 0.9952316880226135
    }
  }
}