{
  "meta": {
    "dataset": "dataset14",
    "feature_count": 19,
    "train_rows": 51498290,
    "val_rows": 11035354,
    "test_rows": 11035337,
    "created_at": "2026-01-19T05:12:40.020118+00:00",
    "class_counts_train": {
      "0": 5190,
      "1": 51493100
    },
    "class_counts_val": {
      "0": 1152,
      "1": 11034202
    },
    "class_counts_test": {
      "0": 995,
      "1": 11034342
    },
    "scale_pos_weight": 0.00010079020295923143,
    "chosen_threshold": 0.001439798274077475
  },
  "metrics": {
    "validation": {
      "n": 11035354,
      "class_counts": {
        "0": 1152,
        "1": 11034202
      },
      "roc_auc": 0.9999960691979456,
      "pr_auc": 0.9999999995520068,
      "best_threshold_by_f1": 0.001439798274077475,
      "best_f1": 0.9999969186621632,
      "confusion_0.5": {
        "tn": 1152,
        "fp": 0,
        "fn": 345,
        "tp": 11033857
      },
      "accuracy_0.5": 0.9999687368434216,
      "recall_at_fpr_0.01": 0.9999940185978107,
      "recall_at_fpr_0.005": 0.9999940185978107,
      "recall_at_fpr_0.001": 0.999968733579465,
      "probs_sample_mean": 0.999535322189331
    },
    "test": {
      "n": 11035337,
      "class_counts": {
        "0": 995,
        "1": 11034342
      },
      "roc_auc": 0.9999973150521195,
      "pr_auc": 0.99999999974926,
      "confusion_0.5": {
        "tn": 995,
        "fp": 0,
        "fn": 291,
        "tp": 11034051
      },
      "accuracy_0.5": 0.9999736301664371,
      "recall_at_fpr_0.01": 0.9999957405706656,
      "recall_at_fpr_0.005": 0.9999957405706656,
      "recall_at_fpr_0.001": 0.9999736277885894,
      "probs_sample_mean": 0.9995545148849487
    },
    "train": {
      "n": 51498290,
      "class_counts": {
        "0": 5190,
        "1": 51493100
      },
      "roc_auc": 0.9999967113127516,
      "pr_auc": 0.9999999996561271,
      "confusion_0.5": {
        "tn": 5190,
        "fp": 0,
        "fn": 1438,
        "tp": 51491662
      },
      "accuracy_0.5": 0.9999720767427424,
      "recall_at_fpr_0.01": 0.9999950284601238,
      "recall_at_fpr_0.005": 0.9999950284601238,
      "recall_at_fpr_0.001": 0.9999811236845325,
      "probs_sample_mean": 0.9995182156562805
    }
  }
}