{
  "meta": {
    "dataset": "dataset22",
    "feature_count": 16,
    "train_rows": 38261904,
    "val_rows": 8198972,
    "test_rows": 8198979,
    "created_at": "2026-01-19T17:44:30.296698+00:00",
    "class_counts_train": {
      "0": 22080,
      "1": 38239824
    },
    "class_counts_val": {
      "0": 4637,
      "1": 8194335
    },
    "class_counts_test": {
      "0": 4721,
      "1": 8194258
    },
    "scale_pos_weight": 0.0005774085152693172,
    "chosen_threshold": 0.0005612502573058009
  },
  "metrics": {
    "validation": {
      "n": 8198972,
      "class_counts": {
        "0": 4637,
        "1": 8194335
      },
      "roc_auc": 0.9867498820169815,
      "pr_auc": 0.9999909255670408,
      "best_threshold_by_f1": 0.0005612502573058009,
      "best_f1": 0.9999373386824543,
      "confusion_0.5": {
        "tn": 4100,
        "fp": 537,
        "fn": 56402,
        "tp": 8137933
      },
      "accuracy_0.5": 0.9930553488900804,
      "recall_at_fpr_0.01": 0.7918862238363454,
      "recall_at_fpr_0.005": 0.7771019857010971,
      "recall_at_fpr_0.001": 0.26093441383590005,
      "probs_sample_mean": 0.9220022559165955
    },
    "test": {
      "n": 8198979,
      "class_counts": {
        "0": 4721,
        "1": 8194258
      },
      "roc_auc": 0.9867447793904327,
      "pr_auc": 0.9999908377650465,
      "confusion_0.5": {
        "tn": 4140,
        "fp": 581,
        "fn": 57336,
        "tp": 8136922
      },
      "accuracy_0.5": 0.9929360716742902,
      "recall_at_fpr_0.01": 0.7923456888958097,
      "recall_at_fpr_0.005": 0.77779928335183,
      "recall_at_fpr_0.001": 0.2606233535727091,
      "probs_sample_mean": 0.9220514297485352
    },
    "train": {
      "n": 38261904,
      "class_counts": {
        "0": 22080,
        "1": 38239824
      },
      "roc_auc": 0.988822407952258,
      "pr_auc": 0.9999923798484884,
      "confusion_0.5": {
        "tn": 19723,
        "fp": 2357,
        "fn": 264218,
        "tp": 37975606
      },
      "accuracy_0.5": 0.9930328872290307,
      "recall_at_fpr_0.01": 0.794831273282011,
      "recall_at_fpr_0.005": 0.794831273282011,
      "recall_at_fpr_0.001": 0.5058961568442365,
      "probs_sample_mean": 0.922361433506012
    }
  }
}