{
  "meta": {
    "dataset": "dataset23",
    "feature_count": 18,
    "train_rows": 706124,
    "val_rows": 151312,
    "test_rows": 151312,
    "created_at": "2026-01-19T21:46:22.188552+00:00",
    "class_counts_train": {
      "0": 324990,
      "1": 381134
    },
    "class_counts_val": {
      "0": 72144,
      "1": 79168
    },
    "class_counts_test": {
      "0": 72141,
      "1": 79171
    },
    "scale_pos_weight": 0.8526922289798339,
    "chosen_threshold": 0.897063136100769
  },
  "metrics": {
    "validation": {
      "n": 151312,
      "class_counts": {
        "0": 72144,
        "1": 79168
      },
      "roc_auc": 0.9549518522203718,
      "pr_auc": 0.924224403841023,
      "best_threshold_by_f1": 0.897063136100769,
      "best_f1": 0.9603493767623066,
      "confusion_0.5": {
        "tn": 65611,
        "fp": 6533,
        "fn": 4,
        "tp": 79164
      },
      "accuracy_0.5": 0.9567978745902506,
      "recall_at_fpr_0.01": 0.11025919563459984,
      "recall_at_fpr_0.005": 0.05492118027485853,
      "recall_at_fpr_0.001": 0.009776677445432497,
      "probs_sample_mean": 0.5170337557792664
    },
    "test": {
      "n": 151312,
      "class_counts": {
        "0": 72141,
        "1": 79171
      },
      "roc_auc": 0.9547702928788968,
      "pr_auc": 0.9238972373867902,
      "confusion_0.5": {
        "tn": 65604,
        "fp": 6537,
        "fn": 7,
        "tp": 79164
      },
      "accuracy_0.5": 0.9567516125621233,
      "recall_at_fpr_0.01": 0.11270540980914728,
      "recall_at_fpr_0.005": 0.05490646827752586,
      "recall_at_fpr_0.001": 0.009043715501888318,
      "probs_sample_mean": 0.5170595049858093
    },
    "train": {
      "n": 706124,
      "class_counts": {
        "0": 324990,
        "1": 381134
      },
      "roc_auc": 0.9555705728076008,
      "pr_auc": 0.933235603967743,
      "confusion_0.5": {
        "tn": 294571,
        "fp": 30419,
        "fn": 38,
        "tp": 381096
      },
      "accuracy_0.5": 0.9568673490774992,
      "recall_at_fpr_0.01": 0.1403784495741655,
      "recall_at_fpr_0.005": 0.0843509107033222,
      "recall_at_fpr_0.001": 0.03241642047154019,
      "probs_sample_mean": 0.532911479473114
    }
  }
}