{
  "meta": {
    "dataset": "dataset18",
    "feature_count": 17,
    "train_rows": 38118220,
    "val_rows": 8168187,
    "test_rows": 8168184,
    "created_at": "2026-01-19T15:44:37.136096+00:00",
    "class_counts_train": {
      "0": 966846,
      "1": 37151374
    },
    "class_counts_val": {
      "0": 207006,
      "1": 7961181
    },
    "class_counts_test": {
      "0": 206939,
      "1": 7961245
    },
    "scale_pos_weight": 0.026024501812503625,
    "chosen_threshold": 0.018098577857017517
  },
  "metrics": {
    "validation": {
      "n": 8168187,
      "class_counts": {
        "0": 207006,
        "1": 7961181
      },
      "roc_auc": 0.5077176358430093,
      "pr_auc": 0.975038201482527,
      "best_threshold_by_f1": 0.018098577857017517,
      "best_f1": 0.9873383340194091,
      "confusion_0.5": {
        "tn": 3196,
        "fp": 203810,
        "fn": 669,
        "tp": 7960512
      },
      "accuracy_0.5": 0.9749664154358856,
      "recall_at_fpr_0.01": 8.51632439960855e-05,
      "recall_at_fpr_0.005": 8.51632439960855e-05,
      "recall_at_fpr_0.001": 8.51632439960855e-05,
      "probs_sample_mean": 0.5039072036743164
    },
    "test": {
      "n": 8168184,
      "class_counts": {
        "0": 206939,
        "1": 7961245
      },
      "roc_auc": 0.5073787832005681,
      "pr_auc": 0.9750300681488115,
      "confusion_0.5": {
        "tn": 3053,
        "fp": 203886,
        "fn": 577,
        "tp": 7960668
      },
      "accuracy_0.5": 0.9749683650613159,
      "recall_at_fpr_0.01": 8.692107829868319e-05,
      "recall_at_fpr_0.005": 8.692107829868319e-05,
      "recall_at_fpr_0.001": 8.692107829868319e-05,
      "probs_sample_mean": 0.5039215087890625
    },
    "train": {
      "n": 38118220,
      "class_counts": {
        "0": 966846,
        "1": 37151374
      },
      "roc_auc": 0.5081660903172386,
      "pr_auc": 0.975039686501333,
      "confusion_0.5": {
        "tn": 15789,
        "fp": 951057,
        "fn": 2909,
        "tp": 37148465
      },
      "accuracy_0.5": 0.9749734903675985,
      "recall_at_fpr_0.01": 8.551500679355762e-05,
      "recall_at_fpr_0.005": 8.551500679355762e-05,
      "recall_at_fpr_0.001": 8.551500679355762e-05,
      "probs_sample_mean": 0.5039076805114746
    }
  }
}