{
  "meta": {
    "dataset": "dataset6",
    "feature_count": 16,
    "train_rows": 8018300,
    "val_rows": 1718216,
    "test_rows": 1718198,
    "created_at": "2026-01-19T02:25:39.455153+00:00",
    "class_counts_train": {
      "0": 27139,
      "1": 7991161
    },
    "class_counts_val": {
      "0": 1259,
      "1": 1716957
    },
    "class_counts_test": {
      "0": 47557,
      "1": 1670641
    },
    "scale_pos_weight": 0.0033961272961463298,
    "chosen_threshold": 0.018550578504800797
  },
  "metrics": {
    "validation": {
      "n": 1718216,
      "class_counts": {
        "0": 1259,
        "1": 1716957
      },
      "roc_auc": 0.9990752357914293,
      "pr_auc": 0.9999986454225982,
      "best_threshold_by_f1": 0.018550578504800797,
      "best_f1": 0.9999967966680352,
      "confusion_0.5": {
        "tn": 1248,
        "fp": 11,
        "fn": 6,
        "tp": 1716951
      },
      "accuracy_0.5": 0.9999901060169385,
      "recall_at_fpr_0.01": 1.0,
      "recall_at_fpr_0.005": 0.8794401956484641,
      "recall_at_fpr_0.001": 0.8794401956484641,
      "probs_sample_mean": 0.9968447089195251
    },
    "test": {
      "n": 1718198,
      "class_counts": {
        "0": 47557,
        "1": 1670641
      },
      "roc_auc": 0.8172784043689888,
      "pr_auc": 0.9949245224513489,
      "confusion_0.5": {
        "tn": 1369,
        "fp": 46188,
        "fn": 11,
        "tp": 1670630
      },
      "accuracy_0.5": 0.9731119463530978,
      "recall_at_fpr_0.01": 0.8121152300224884,
      "recall_at_fpr_0.005": 0.8121152300224884,
      "recall_at_fpr_0.001": 0.8121152300224884,
      "probs_sample_mean": 0.9957439303398132
    },
    "train": {
      "n": 8018300,
      "class_counts": {
        "0": 27139,
        "1": 7991161
      },
      "roc_auc": 0.9995685914690219,
      "pr_auc": 0.9999970708077672,
      "confusion_0.5": {
        "tn": 27075,
        "fp": 64,
        "fn": 26,
        "tp": 7991135
      },
      "accuracy_0.5": 0.9999887756756419,
      "recall_at_fpr_0.01": 1.0,
      "recall_at_fpr_0.005": 1.0,
      "recall_at_fpr_0.001": 0.885411769328637,
      "probs_sample_mean": 0.9942654371261597
    }
  }
}