{
  "meta": {
    "dataset": "dataset8",
    "feature_count": 17,
    "train_rows": 13846974,
    "val_rows": 2967213,
    "test_rows": 2967191,
    "created_at": "2026-01-19T02:53:32.984014+00:00",
    "class_counts_train": {
      "0": 1239,
      "1": 13845735
    },
    "class_counts_val": {
      "0": 290,
      "1": 2966923
    },
    "class_counts_test": {
      "0": 265,
      "1": 2966926
    },
    "scale_pos_weight": 8.948604028605199e-05,
    "chosen_threshold": 0.051203593611717224
  },
  "metrics": {
    "validation": {
      "n": 2967213,
      "class_counts": {
        "0": 290,
        "1": 2966923
      },
      "roc_auc": 0.9941882683356368,
      "pr_auc": 0.9999992807103832,
      "best_threshold_by_f1": 0.051203593611717224,
      "best_f1": 0.9999973036105377,
      "confusion_0.5": {
        "tn": 282,
        "fp": 8,
        "fn": 8573,
        "tp": 2958350
      },
      "accuracy_0.5": 0.9971080606616377,
      "recall_at_fpr_0.01": 0.7028045554266154,
      "recall_at_fpr_0.005": 0.7025831138860025,
      "recall_at_fpr_0.001": 0.5189935835881146,
      "probs_sample_mean": 0.9796449542045593
    },
    "test": {
      "n": 2967191,
      "class_counts": {
        "0": 265,
        "1": 2966926
      },
      "roc_auc": 0.994967151631269,
      "pr_auc": 0.9999994283172242,
      "confusion_0.5": {
        "tn": 257,
        "fp": 8,
        "fn": 10815,
        "tp": 2956111
      },
      "accuracy_0.5": 0.996352442427872,
      "recall_at_fpr_0.01": 0.7058399838755668,
      "recall_at_fpr_0.005": 0.7058399838755668,
      "recall_at_fpr_0.001": 0.7058399838755668,
      "probs_sample_mean": 0.979994535446167
    },
    "train": {
      "n": 13846974,
      "class_counts": {
        "0": 1239,
        "1": 13845735
      },
      "roc_auc": 0.9974206208684993,
      "pr_auc": 0.999999694587047,
      "confusion_0.5": {
        "tn": 1203,
        "fp": 36,
        "fn": 56135,
        "tp": 13789600
      },
      "accuracy_0.5": 0.9959434458387804,
      "recall_at_fpr_0.01": 0.8278162192184091,
      "recall_at_fpr_0.005": 0.8278162192184091,
      "recall_at_fpr_0.001": 0.7535423002101369,
      "probs_sample_mean": 0.971471905708313
    }
  }
}