{
  "meta": {
    "dataset": "dataset12",
    "feature_count": 16,
    "train_rows": 47125276,
    "val_rows": 10098268,
    "test_rows": 10098265,
    "created_at": "2026-01-19T03:33:18.180999+00:00",
    "class_counts_train": {
      "0": 14398173,
      "1": 32727103
    },
    "class_counts_val": {
      "0": 3088165,
      "1": 7010103
    },
    "class_counts_test": {
      "0": 3088596,
      "1": 7009669
    },
    "scale_pos_weight": 0.4399464566112069,
    "chosen_threshold": 0.233460932970047
  },
  "metrics": {
    "validation": {
      "n": 10098268,
      "class_counts": {
        "0": 3088165,
        "1": 7010103
      },
      "roc_auc": 0.4997223959470279,
      "pr_auc": 0.6940966897442973,
      "best_threshold_by_f1": 0.233460932970047,
      "best_f1": 0.8194994715406534,
      "confusion_0.5": {
        "tn": 2905203,
        "fp": 182962,
        "fn": 6597809,
        "tp": 412294
      },
      "accuracy_0.5": 0.3285213860436265,
      "recall_at_fpr_0.01": 0.00012510515180732724,
      "recall_at_fpr_0.005": 0.00012510515180732724,
      "recall_at_fpr_0.001": 0.00012510515180732724,
      "probs_sample_mean": 0.49913159012794495
    },
    "test": {
      "n": 10098265,
      "class_counts": {
        "0": 3088596,
        "1": 7009669
      },
      "roc_auc": 0.5001501219570184,
      "pr_auc": 0.6942561291183579,
      "confusion_0.5": {
        "tn": 2909553,
        "fp": 179043,
        "fn": 6600902,
        "tp": 408767
      },
      "accuracy_0.5": 0.3286029827896178,
      "recall_at_fpr_0.01": 0.00012782343930933115,
      "recall_at_fpr_0.005": 0.00012782343930933115,
      "recall_at_fpr_0.001": 0.00012782343930933115,
      "probs_sample_mean": 0.49912405014038086
    },
    "train": {
      "n": 47125276,
      "class_counts": {
        "0": 14398173,
        "1": 32727103
      },
      "roc_auc": 0.501713212274806,
      "pr_auc": 0.6958285044655393,
      "confusion_0.5": {
        "tn": 13252212,
        "fp": 1145961,
        "fn": 30050631,
        "tp": 2676472
      },
      "accuracy_0.5": 0.3380072299205208,
      "recall_at_fpr_0.01": 0.002136974971478533,
      "recall_at_fpr_0.005": 0.002136974971478533,
      "recall_at_fpr_0.001": 0.002136974971478533,
      "probs_sample_mean": 0.5002288222312927
    }
  }
}